epoch,box,cls,dfl,Recall,Precision,mAP@50,mAP
001,2.078,3.631,2.129,0.116,0.232,0.068,0.036
002,1.668,2.733,1.673,0.175,0.293,0.130,0.076
003,1.585,2.504,1.592,0.220,0.336,0.192,0.117
004,1.532,2.355,1.539,0.261,0.384,0.239,0.151
005,1.495,2.243,1.503,0.287,0.406,0.274,0.177
006,1.471,2.172,1.475,0.304,0.450,0.299,0.195
007,1.450,2.120,1.458,0.314,0.466,0.315,0.208
008,1.437,2.077,1.445,0.323,0.479,0.325,0.216
009,1.428,2.048,1.434,0.327,0.483,0.333,0.223
010,1.421,2.023,1.425,0.327,0.492,0.339,0.227
011,1.411,2.000,1.418,0.332,0.493,0.343,0.230
012,1.406,1.983,1.410,0.334,0.495,0.346,0.232
013,1.400,1.965,1.405,0.338,0.497,0.349,0.234
014,1.398,1.952,1.401,0.341,0.496,0.351,0.237
015,1.390,1.930,1.393,0.346,0.494,0.355,0.239
016,1.390,1.926,1.391,0.347,0.499,0.358,0.241
017,1.385,1.907,1.386,0.350,0.502,0.361,0.243
018,1.380,1.902,1.382,0.352,0.502,0.364,0.246
019,1.382,1.894,1.381,0.352,0.507,0.367,0.249
020,1.375,1.888,1.377,0.354,0.512,0.370,0.251
021,1.375,1.875,1.374,0.356,0.515,0.373,0.253
022,1.370,1.870,1.372,0.357,0.516,0.376,0.255
023,1.368,1.861,1.370,0.360,0.515,0.379,0.257
024,1.368,1.857,1.368,0.360,0.525,0.381,0.260
025,1.363,1.848,1.364,0.361,0.526,0.384,0.262
026,1.364,1.847,1.365,0.369,0.524,0.387,0.265
027,1.362,1.842,1.363,0.370,0.526,0.390,0.267
028,1.361,1.835,1.360,0.373,0.524,0.393,0.269
029,1.357,1.828,1.357,0.376,0.530,0.396,0.271
030,1.356,1.822,1.356,0.379,0.532,0.399,0.273
031,1.354,1.826,1.357,0.377,0.539,0.401,0.275
032,1.355,1.819,1.353,0.380,0.538,0.403,0.276
033,1.353,1.819,1.353,0.384,0.534,0.406,0.278
034,1.352,1.808,1.352,0.387,0.532,0.407,0.279
035,1.348,1.808,1.350,0.389,0.535,0.410,0.280
036,1.353,1.805,1.353,0.389,0.536,0.411,0.282
037,1.351,1.802,1.351,0.390,0.536,0.412,0.283
038,1.350,1.799,1.348,0.390,0.537,0.414,0.284
039,1.347,1.791,1.346,0.391,0.536,0.415,0.285
040,1.346,1.795,1.346,0.392,0.541,0.417,0.286
041,1.347,1.788,1.345,0.395,0.541,0.418,0.287
042,1.345,1.785,1.345,0.397,0.539,0.419,0.288
043,1.347,1.788,1.344,0.399,0.542,0.422,0.289
044,1.343,1.784,1.344,0.399,0.543,0.422,0.290
045,1.342,1.780,1.341,0.400,0.547,0.423,0.291
046,1.343,1.776,1.344,0.402,0.544,0.424,0.291
047,1.343,1.777,1.342,0.402,0.547,0.425,0.291
048,1.339,1.772,1.340,0.400,0.554,0.426,0.292
049,1.338,1.770,1.339,0.399,0.559,0.427,0.293
050,1.338,1.766,1.339,0.402,0.556,0.428,0.294
051,1.339,1.769,1.338,0.403,0.556,0.429,0.295
052,1.337,1.765,1.337,0.402,0.557,0.430,0.296
053,1.337,1.764,1.337,0.402,0.561,0.431,0.296
054,1.336,1.762,1.336,0.406,0.555,0.432,0.297
055,1.333,1.757,1.335,0.404,0.561,0.433,0.297
056,1.334,1.755,1.334,0.407,0.561,0.434,0.298
057,1.336,1.753,1.334,0.405,0.566,0.435,0.299
058,1.333,1.753,1.335,0.409,0.559,0.436,0.299
059,1.333,1.755,1.334,0.408,0.562,0.436,0.299
060,1.332,1.748,1.332,0.407,0.562,0.437,0.300
061,1.333,1.750,1.333,0.410,0.563,0.438,0.300
062,1.331,1.745,1.333,0.410,0.565,0.438,0.301
063,1.329,1.744,1.331,0.412,0.561,0.439,0.301
064,1.329,1.747,1.331,0.414,0.561,0.439,0.302
065,1.329,1.741,1.331,0.412,0.562,0.440,0.303
066,1.330,1.737,1.330,0.407,0.574,0.440,0.303
067,1.328,1.738,1.329,0.408,0.573,0.441,0.303
068,1.328,1.739,1.329,0.414,0.569,0.443,0.304
069,1.326,1.736,1.328,0.415,0.566,0.443,0.305
070,1.329,1.739,1.330,0.417,0.561,0.443,0.305
071,1.328,1.731,1.328,0.415,0.566,0.444,0.305
072,1.329,1.732,1.330,0.418,0.561,0.444,0.305
073,1.325,1.729,1.327,0.415,0.568,0.445,0.306
074,1.326,1.729,1.327,0.415,0.565,0.445,0.306
075,1.325,1.723,1.326,0.415,0.568,0.446,0.307
076,1.325,1.731,1.326,0.414,0.571,0.446,0.307
077,1.324,1.726,1.327,0.413,0.571,0.446,0.308
078,1.324,1.726,1.325,0.416,0.564,0.447,0.308
079,1.323,1.719,1.323,0.416,0.566,0.447,0.308
080,1.325,1.724,1.325,0.415,0.566,0.447,0.308
081,1.320,1.716,1.323,0.415,0.566,0.447,0.309
082,1.322,1.717,1.325,0.420,0.562,0.448,0.309
083,1.320,1.717,1.323,0.423,0.556,0.449,0.310
084,1.321,1.715,1.322,0.420,0.567,0.449,0.310
085,1.325,1.714,1.323,0.423,0.560,0.450,0.311
086,1.320,1.712,1.322,0.422,0.566,0.451,0.311
087,1.320,1.715,1.322,0.424,0.563,0.450,0.311
088,1.319,1.711,1.322,0.421,0.564,0.450,0.312
089,1.321,1.714,1.322,0.422,0.569,0.451,0.312
090,1.319,1.703,1.320,0.419,0.576,0.452,0.313
091,1.319,1.710,1.322,0.422,0.570,0.453,0.313
092,1.318,1.709,1.320,0.424,0.568,0.453,0.313
093,1.319,1.708,1.321,0.423,0.564,0.453,0.313
094,1.317,1.706,1.320,0.423,0.568,0.453,0.314
095,1.317,1.700,1.319,0.425,0.570,0.454,0.314
096,1.319,1.705,1.320,0.422,0.572,0.454,0.314
097,1.316,1.697,1.320,0.424,0.572,0.454,0.314
098,1.318,1.700,1.320,0.422,0.577,0.455,0.314
099,1.316,1.704,1.319,0.423,0.574,0.455,0.314
100,1.315,1.699,1.319,0.425,0.574,0.456,0.315
101,1.318,1.699,1.318,0.424,0.577,0.456,0.315
102,1.314,1.695,1.316,0.426,0.574,0.457,0.315
103,1.315,1.699,1.319,0.427,0.573,0.457,0.316
104,1.314,1.691,1.317,0.427,0.572,0.458,0.316
105,1.315,1.696,1.315,0.429,0.570,0.459,0.316
106,1.314,1.693,1.317,0.429,0.573,0.459,0.317
107,1.313,1.692,1.314,0.430,0.571,0.459,0.317
108,1.314,1.692,1.316,0.431,0.570,0.459,0.317
109,1.312,1.693,1.315,0.431,0.571,0.460,0.318
110,1.312,1.691,1.315,0.430,0.570,0.460,0.318
111,1.313,1.689,1.316,0.429,0.571,0.460,0.319
112,1.312,1.688,1.314,0.428,0.576,0.461,0.319
113,1.311,1.685,1.315,0.430,0.574,0.461,0.319
114,1.311,1.686,1.315,0.428,0.578,0.461,0.319
115,1.312,1.685,1.315,0.429,0.577,0.461,0.319
116,1.312,1.682,1.313,0.426,0.583,0.462,0.319
117,1.311,1.686,1.315,0.429,0.580,0.462,0.319
118,1.311,1.684,1.313,0.433,0.571,0.462,0.320
119,1.311,1.683,1.314,0.434,0.565,0.462,0.319
120,1.311,1.680,1.312,0.430,0.575,0.462,0.320
121,1.310,1.679,1.313,0.429,0.577,0.462,0.320
122,1.311,1.682,1.314,0.432,0.572,0.463,0.320
123,1.311,1.684,1.313,0.433,0.570,0.463,0.320
124,1.310,1.677,1.312,0.434,0.570,0.463,0.320
125,1.310,1.675,1.311,0.434,0.572,0.463,0.320
126,1.308,1.676,1.311,0.434,0.573,0.463,0.320
127,1.306,1.676,1.311,0.434,0.571,0.464,0.320
128,1.310,1.679,1.312,0.435,0.571,0.464,0.321
129,1.306,1.677,1.310,0.435,0.575,0.465,0.321
130,1.308,1.675,1.311,0.434,0.577,0.465,0.321
131,1.306,1.671,1.309,0.435,0.577,0.465,0.321
132,1.308,1.675,1.311,0.432,0.580,0.465,0.322
133,1.303,1.668,1.309,0.433,0.577,0.465,0.322
134,1.307,1.675,1.310,0.433,0.578,0.466,0.322
135,1.307,1.674,1.311,0.432,0.578,0.465,0.322
136,1.304,1.668,1.309,0.434,0.576,0.466,0.323
137,1.306,1.671,1.309,0.435,0.574,0.466,0.322
138,1.306,1.670,1.309,0.433,0.577,0.466,0.323
139,1.303,1.666,1.307,0.430,0.583,0.466,0.323
140,1.304,1.667,1.308,0.432,0.579,0.466,0.323
141,1.303,1.664,1.307,0.430,0.584,0.467,0.324
142,1.302,1.666,1.307,0.433,0.579,0.468,0.324
143,1.303,1.664,1.307,0.435,0.574,0.468,0.325
144,1.303,1.661,1.308,0.433,0.577,0.467,0.324
145,1.302,1.665,1.307,0.433,0.578,0.468,0.324
146,1.302,1.662,1.306,0.434,0.576,0.468,0.324
147,1.304,1.663,1.307,0.434,0.578,0.469,0.325
148,1.303,1.662,1.306,0.434,0.580,0.468,0.325
149,1.304,1.658,1.307,0.432,0.582,0.469,0.325
150,1.302,1.660,1.305,0.433,0.583,0.468,0.325
151,1.306,1.663,1.308,0.435,0.582,0.469,0.325
152,1.301,1.656,1.305,0.432,0.584,0.469,0.325
153,1.301,1.652,1.305,0.434,0.581,0.469,0.325
154,1.302,1.659,1.307,0.435,0.583,0.470,0.326
155,1.302,1.658,1.305,0.436,0.580,0.470,0.326
156,1.300,1.654,1.304,0.432,0.591,0.470,0.327
157,1.301,1.658,1.304,0.431,0.587,0.470,0.326
158,1.299,1.652,1.302,0.431,0.587,0.470,0.326
159,1.299,1.652,1.304,0.434,0.586,0.470,0.326
160,1.301,1.657,1.305,0.433,0.592,0.470,0.326
161,1.300,1.651,1.304,0.436,0.582,0.470,0.327
162,1.297,1.651,1.303,0.439,0.581,0.471,0.327
163,1.298,1.649,1.303,0.439,0.580,0.471,0.327
164,1.298,1.647,1.302,0.436,0.584,0.471,0.327
165,1.299,1.648,1.301,0.435,0.586,0.471,0.327
166,1.299,1.651,1.303,0.433,0.592,0.471,0.327
167,1.296,1.646,1.301,0.436,0.584,0.472,0.328
168,1.297,1.643,1.302,0.437,0.580,0.471,0.328
169,1.296,1.641,1.299,0.437,0.581,0.472,0.328
170,1.296,1.641,1.299,0.435,0.583,0.473,0.329
171,1.299,1.650,1.304,0.436,0.579,0.473,0.329
172,1.293,1.640,1.301,0.435,0.583,0.473,0.329
173,1.293,1.638,1.299,0.434,0.589,0.473,0.329
174,1.293,1.640,1.300,0.435,0.588,0.473,0.329
175,1.296,1.642,1.301,0.435,0.590,0.473,0.329
176,1.295,1.642,1.300,0.435,0.589,0.473,0.329
177,1.294,1.642,1.300,0.434,0.593,0.475,0.330
178,1.294,1.638,1.301,0.436,0.590,0.474,0.329
179,1.293,1.639,1.299,0.436,0.585,0.473,0.329
180,1.292,1.635,1.297,0.439,0.581,0.474,0.329
181,1.293,1.635,1.298,0.440,0.582,0.474,0.329
182,1.294,1.637,1.299,0.437,0.586,0.474,0.329
183,1.296,1.636,1.299,0.438,0.583,0.475,0.330
184,1.293,1.634,1.297,0.436,0.587,0.475,0.330
185,1.290,1.633,1.296,0.437,0.584,0.475,0.330
186,1.293,1.631,1.298,0.439,0.580,0.475,0.330
187,1.293,1.633,1.297,0.437,0.583,0.474,0.330
188,1.292,1.628,1.296,0.435,0.593,0.475,0.330
189,1.290,1.628,1.296,0.436,0.593,0.475,0.330
190,1.290,1.629,1.297,0.439,0.590,0.475,0.331
191,1.291,1.630,1.297,0.439,0.587,0.475,0.331
192,1.288,1.628,1.297,0.439,0.587,0.475,0.330
193,1.290,1.629,1.298,0.437,0.588,0.476,0.331
194,1.292,1.631,1.297,0.440,0.587,0.476,0.331
195,1.290,1.629,1.296,0.440,0.584,0.476,0.331
196,1.290,1.630,1.297,0.443,0.579,0.477,0.332
197,1.288,1.627,1.294,0.442,0.581,0.477,0.332
198,1.291,1.631,1.297,0.445,0.578,0.477,0.331
199,1.290,1.627,1.295,0.445,0.574,0.476,0.332
200,1.290,1.629,1.295,0.443,0.578,0.476,0.332
201,1.286,1.621,1.295,0.439,0.586,0.476,0.332
202,1.287,1.625,1.295,0.440,0.585,0.477,0.332
203,1.288,1.622,1.295,0.439,0.590,0.477,0.332
204,1.287,1.621,1.295,0.441,0.585,0.477,0.333
205,1.288,1.625,1.296,0.439,0.592,0.478,0.333
206,1.287,1.620,1.294,0.441,0.592,0.478,0.333
207,1.290,1.621,1.295,0.441,0.592,0.478,0.333
208,1.285,1.619,1.294,0.440,0.597,0.479,0.333
209,1.285,1.616,1.293,0.442,0.594,0.479,0.333
210,1.289,1.617,1.293,0.446,0.591,0.479,0.334
211,1.285,1.617,1.293,0.444,0.591,0.480,0.334
212,1.288,1.619,1.294,0.449,0.585,0.480,0.334
213,1.284,1.616,1.292,0.445,0.590,0.480,0.334
214,1.283,1.614,1.292,0.447,0.585,0.480,0.334
215,1.283,1.615,1.293,0.444,0.589,0.479,0.334
216,1.284,1.614,1.292,0.446,0.589,0.479,0.334
217,1.285,1.612,1.292,0.444,0.592,0.479,0.334
218,1.286,1.614,1.293,0.444,0.593,0.480,0.334
219,1.285,1.615,1.293,0.450,0.585,0.480,0.335
220,1.285,1.613,1.292,0.446,0.589,0.480,0.335
221,1.282,1.611,1.291,0.447,0.588,0.480,0.334
222,1.286,1.614,1.294,0.446,0.589,0.480,0.335
223,1.286,1.615,1.294,0.445,0.595,0.481,0.335
224,1.284,1.608,1.292,0.444,0.599,0.481,0.335
225,1.284,1.610,1.290,0.444,0.597,0.481,0.335
226,1.280,1.608,1.290,0.444,0.597,0.481,0.335
227,1.280,1.604,1.289,0.440,0.601,0.482,0.336
228,1.282,1.605,1.290,0.444,0.592,0.482,0.336
229,1.281,1.604,1.290,0.447,0.589,0.482,0.337
230,1.280,1.606,1.291,0.442,0.601,0.483,0.337
231,1.283,1.605,1.291,0.444,0.596,0.483,0.337
232,1.281,1.606,1.291,0.446,0.593,0.483,0.336
233,1.281,1.603,1.289,0.448,0.588,0.483,0.336
234,1.283,1.606,1.292,0.447,0.592,0.483,0.337
235,1.284,1.607,1.292,0.449,0.588,0.483,0.336
236,1.281,1.600,1.288,0.452,0.584,0.483,0.336
237,1.280,1.600,1.288,0.452,0.585,0.483,0.336
238,1.280,1.602,1.289,0.448,0.590,0.483,0.337
239,1.278,1.599,1.287,0.450,0.587,0.484,0.337
240,1.280,1.600,1.288,0.450,0.591,0.484,0.337
241,1.281,1.601,1.290,0.452,0.588,0.484,0.337
242,1.278,1.598,1.288,0.449,0.592,0.485,0.338
243,1.278,1.593,1.287,0.452,0.588,0.485,0.338
244,1.280,1.599,1.289,0.449,0.589,0.485,0.338
245,1.279,1.596,1.286,0.451,0.589,0.485,0.338
246,1.277,1.593,1.286,0.451,0.587,0.485,0.338
247,1.276,1.593,1.286,0.450,0.586,0.485,0.338
248,1.276,1.591,1.285,0.454,0.581,0.486,0.338
249,1.278,1.593,1.285,0.452,0.586,0.486,0.338
250,1.277,1.593,1.286,0.450,0.587,0.485,0.338
251,1.276,1.594,1.287,0.453,0.582,0.486,0.338
252,1.276,1.594,1.284,0.448,0.591,0.486,0.339
253,1.273,1.588,1.283,0.446,0.597,0.486,0.339
254,1.276,1.588,1.286,0.446,0.597,0.487,0.339
255,1.273,1.592,1.285,0.451,0.589,0.486,0.339
256,1.275,1.589,1.286,0.448,0.598,0.486,0.339
257,1.275,1.589,1.284,0.448,0.596,0.487,0.340
258,1.273,1.585,1.283,0.451,0.587,0.487,0.339
259,1.274,1.587,1.283,0.452,0.582,0.487,0.339
260,1.274,1.583,1.283,0.450,0.588,0.487,0.340
261,1.274,1.581,1.282,0.448,0.594,0.487,0.340
262,1.275,1.585,1.283,0.449,0.596,0.487,0.340
263,1.273,1.588,1.284,0.450,0.593,0.487,0.340
264,1.277,1.586,1.283,0.450,0.593,0.487,0.340
265,1.272,1.580,1.282,0.446,0.599,0.487,0.340
266,1.269,1.579,1.281,0.447,0.600,0.488,0.340
267,1.272,1.581,1.282,0.448,0.604,0.488,0.340
268,1.271,1.580,1.282,0.448,0.603,0.488,0.340
269,1.271,1.577,1.282,0.449,0.604,0.489,0.341
270,1.273,1.585,1.285,0.449,0.603,0.489,0.341
271,1.272,1.580,1.282,0.451,0.602,0.490,0.341
272,1.275,1.583,1.283,0.448,0.610,0.489,0.341
273,1.270,1.576,1.281,0.453,0.601,0.490,0.342
274,1.271,1.580,1.281,0.451,0.604,0.491,0.342
275,1.268,1.570,1.280,0.450,0.604,0.490,0.342
276,1.267,1.575,1.279,0.451,0.599,0.490,0.342
277,1.268,1.576,1.280,0.450,0.603,0.492,0.343
278,1.267,1.574,1.281,0.454,0.594,0.492,0.343
279,1.268,1.573,1.280,0.452,0.599,0.492,0.343
280,1.271,1.575,1.281,0.454,0.591,0.492,0.343
281,1.270,1.573,1.282,0.458,0.584,0.492,0.343
282,1.269,1.571,1.280,0.459,0.587,0.492,0.344
283,1.265,1.572,1.280,0.457,0.587,0.492,0.343
284,1.268,1.567,1.279,0.457,0.591,0.492,0.343
285,1.266,1.568,1.278,0.459,0.588,0.493,0.343
286,1.265,1.566,1.278,0.457,0.589,0.492,0.343
287,1.267,1.570,1.279,0.451,0.601,0.491,0.342
288,1.268,1.571,1.279,0.454,0.595,0.492,0.343
289,1.268,1.566,1.278,0.455,0.593,0.491,0.343
290,1.264,1.561,1.275,0.448,0.604,0.491,0.343
291,1.267,1.565,1.278,0.446,0.608,0.491,0.343
292,1.267,1.566,1.279,0.446,0.608,0.492,0.343
293,1.267,1.564,1.278,0.450,0.600,0.492,0.344
294,1.265,1.567,1.277,0.450,0.603,0.492,0.344
295,1.263,1.562,1.278,0.450,0.602,0.493,0.344
296,1.264,1.560,1.277,0.453,0.598,0.493,0.344
297,1.261,1.561,1.276,0.451,0.599,0.493,0.345
298,1.265,1.559,1.278,0.452,0.603,0.494,0.345
299,1.263,1.560,1.277,0.452,0.604,0.494,0.345
300,1.262,1.557,1.275,0.456,0.596,0.495,0.346
301,1.262,1.557,1.275,0.451,0.603,0.495,0.346
302,1.265,1.559,1.278,0.453,0.603,0.495,0.346
303,1.262,1.558,1.275,0.451,0.606,0.494,0.346
304,1.265,1.555,1.276,0.456,0.599,0.495,0.346
305,1.260,1.552,1.274,0.456,0.601,0.495,0.346
306,1.264,1.558,1.276,0.452,0.610,0.496,0.346
307,1.261,1.557,1.275,0.451,0.612,0.496,0.346
308,1.261,1.553,1.274,0.454,0.607,0.497,0.346
309,1.263,1.554,1.275,0.456,0.604,0.496,0.346
310,1.259,1.557,1.274,0.458,0.599,0.497,0.347
311,1.261,1.551,1.275,0.457,0.601,0.496,0.347
312,1.259,1.552,1.274,0.452,0.609,0.496,0.347
313,1.262,1.553,1.274,0.453,0.607,0.498,0.347
314,1.259,1.548,1.272,0.454,0.606,0.497,0.347
315,1.259,1.551,1.274,0.457,0.604,0.497,0.347
316,1.258,1.547,1.272,0.462,0.599,0.498,0.348
317,1.258,1.549,1.272,0.457,0.606,0.498,0.348
318,1.260,1.549,1.272,0.456,0.612,0.498,0.349
319,1.259,1.546,1.271,0.458,0.607,0.499,0.349
320,1.256,1.542,1.270,0.458,0.606,0.499,0.350
321,1.257,1.545,1.271,0.460,0.603,0.499,0.349
322,1.258,1.545,1.272,0.463,0.602,0.499,0.350
323,1.258,1.545,1.272,0.458,0.608,0.500,0.350
324,1.255,1.543,1.271,0.463,0.599,0.499,0.349
325,1.257,1.541,1.271,0.465,0.596,0.499,0.350
326,1.255,1.542,1.271,0.465,0.599,0.500,0.350
327,1.257,1.543,1.272,0.462,0.607,0.501,0.350
328,1.256,1.533,1.270,0.462,0.606,0.500,0.350
329,1.258,1.541,1.272,0.465,0.599,0.501,0.350
330,1.256,1.540,1.270,0.466,0.596,0.501,0.350
331,1.254,1.540,1.270,0.465,0.602,0.501,0.350
332,1.254,1.539,1.270,0.466,0.602,0.501,0.351
333,1.251,1.535,1.268,0.465,0.601,0.501,0.351
334,1.257,1.542,1.270,0.469,0.596,0.501,0.350
335,1.250,1.535,1.268,0.469,0.591,0.501,0.350
336,1.255,1.535,1.269,0.470,0.588,0.501,0.350
337,1.253,1.539,1.269,0.471,0.590,0.501,0.350
338,1.252,1.532,1.268,0.469,0.595,0.501,0.350
339,1.251,1.529,1.268,0.467,0.599,0.501,0.350
340,1.254,1.533,1.269,0.467,0.595,0.501,0.350
341,1.252,1.535,1.270,0.464,0.599,0.501,0.351
342,1.251,1.534,1.269,0.466,0.599,0.502,0.351
343,1.251,1.531,1.267,0.463,0.603,0.502,0.351
344,1.252,1.529,1.267,0.463,0.606,0.502,0.351
345,1.252,1.533,1.268,0.463,0.608,0.502,0.351
346,1.251,1.525,1.267,0.461,0.615,0.502,0.351
347,1.251,1.530,1.268,0.462,0.615,0.502,0.351
348,1.251,1.527,1.266,0.462,0.616,0.503,0.351
349,1.249,1.526,1.266,0.461,0.616,0.502,0.352
350,1.251,1.525,1.267,0.462,0.612,0.502,0.352
351,1.250,1.524,1.266,0.466,0.608,0.502,0.352
352,1.250,1.523,1.266,0.464,0.610,0.502,0.352
353,1.250,1.528,1.267,0.461,0.619,0.503,0.352
354,1.245,1.520,1.264,0.460,0.617,0.503,0.352
355,1.250,1.520,1.265,0.462,0.613,0.503,0.352
356,1.247,1.518,1.264,0.465,0.609,0.503,0.353
357,1.250,1.520,1.265,0.467,0.596,0.503,0.352
358,1.248,1.522,1.265,0.462,0.616,0.504,0.353
359,1.245,1.515,1.265,0.467,0.607,0.504,0.353
360,1.242,1.518,1.263,0.467,0.607,0.505,0.353
361,1.247,1.517,1.263,0.469,0.607,0.505,0.354
362,1.246,1.518,1.263,0.468,0.610,0.505,0.354
363,1.244,1.517,1.263,0.473,0.598,0.505,0.354
364,1.246,1.515,1.263,0.473,0.596,0.505,0.354
365,1.245,1.514,1.263,0.472,0.599,0.504,0.354
366,1.244,1.515,1.263,0.467,0.600,0.504,0.353
367,1.244,1.513,1.261,0.467,0.601,0.504,0.353
368,1.244,1.512,1.263,0.473,0.597,0.505,0.354
369,1.246,1.510,1.263,0.470,0.602,0.504,0.354
370,1.244,1.512,1.261,0.468,0.607,0.504,0.354
371,1.246,1.511,1.262,0.467,0.608,0.504,0.354
372,1.243,1.508,1.261,0.467,0.609,0.504,0.354
373,1.243,1.509,1.262,0.460,0.625,0.505,0.354
374,1.242,1.506,1.260,0.463,0.620,0.505,0.354
375,1.245,1.509,1.261,0.461,0.623,0.505,0.355
376,1.243,1.505,1.261,0.461,0.624,0.505,0.355
377,1.242,1.505,1.259,0.464,0.620,0.505,0.355
378,1.242,1.506,1.260,0.463,0.628,0.506,0.355
379,1.242,1.511,1.262,0.464,0.622,0.506,0.355
380,1.240,1.501,1.259,0.463,0.624,0.506,0.356
381,1.238,1.505,1.259,0.466,0.620,0.507,0.356
382,1.240,1.503,1.260,0.466,0.621,0.507,0.356
383,1.241,1.504,1.260,0.470,0.611,0.507,0.356
384,1.239,1.500,1.257,0.469,0.614,0.507,0.357
385,1.236,1.498,1.257,0.472,0.611,0.507,0.357
386,1.235,1.496,1.257,0.470,0.611,0.507,0.357
387,1.240,1.500,1.259,0.471,0.611,0.507,0.357
388,1.237,1.495,1.257,0.470,0.608,0.507,0.357
389,1.238,1.500,1.258,0.473,0.606,0.507,0.357
390,1.237,1.494,1.257,0.473,0.602,0.507,0.357
391,1.238,1.495,1.256,0.468,0.614,0.507,0.357
392,1.238,1.494,1.256,0.469,0.610,0.507,0.357
393,1.238,1.494,1.258,0.466,0.619,0.508,0.357
394,1.236,1.495,1.258,0.465,0.617,0.508,0.357
395,1.235,1.493,1.257,0.463,0.627,0.508,0.357
396,1.236,1.493,1.257,0.462,0.630,0.509,0.357
397,1.236,1.494,1.257,0.465,0.623,0.510,0.358
398,1.237,1.493,1.256,0.466,0.624,0.510,0.358
399,1.233,1.486,1.254,0.467,0.616,0.509,0.358
400,1.234,1.488,1.254,0.466,0.620,0.510,0.358
401,1.237,1.491,1.255,0.465,0.620,0.510,0.358
402,1.234,1.487,1.255,0.473,0.606,0.510,0.358
403,1.232,1.486,1.254,0.470,0.614,0.511,0.359
404,1.231,1.487,1.255,0.470,0.616,0.511,0.359
405,1.230,1.480,1.252,0.469,0.623,0.511,0.359
406,1.232,1.484,1.253,0.471,0.617,0.511,0.359
407,1.230,1.484,1.253,0.473,0.614,0.511,0.359
408,1.233,1.485,1.254,0.468,0.623,0.512,0.360
409,1.230,1.481,1.253,0.464,0.624,0.511,0.360
410,1.229,1.480,1.251,0.472,0.611,0.512,0.360
411,1.231,1.478,1.252,0.473,0.614,0.512,0.360
412,1.230,1.479,1.253,0.472,0.616,0.512,0.360
413,1.230,1.477,1.252,0.468,0.618,0.512,0.360
414,1.229,1.478,1.251,0.472,0.614,0.511,0.360
415,1.228,1.478,1.250,0.471,0.618,0.511,0.359
416,1.229,1.476,1.250,0.474,0.614,0.511,0.359
417,1.228,1.473,1.250,0.475,0.611,0.512,0.360
418,1.230,1.476,1.252,0.475,0.608,0.511,0.360
419,1.229,1.471,1.251,0.475,0.607,0.511,0.360
420,1.230,1.474,1.251,0.472,0.612,0.511,0.360
421,1.227,1.474,1.249,0.476,0.606,0.511,0.360
422,1.226,1.474,1.250,0.476,0.604,0.512,0.360
423,1.227,1.472,1.251,0.475,0.607,0.512,0.360
424,1.225,1.469,1.249,0.473,0.615,0.512,0.360
425,1.225,1.469,1.249,0.474,0.618,0.512,0.361
426,1.223,1.464,1.249,0.469,0.621,0.512,0.361
427,1.227,1.466,1.250,0.472,0.621,0.513,0.362
428,1.224,1.463,1.248,0.471,0.620,0.513,0.362
429,1.226,1.464,1.248,0.472,0.617,0.513,0.361
430,1.223,1.461,1.246,0.468,0.631,0.513,0.362
431,1.222,1.465,1.248,0.470,0.627,0.514,0.362
432,1.223,1.466,1.248,0.474,0.614,0.514,0.362
433,1.223,1.460,1.247,0.474,0.613,0.514,0.362
434,1.222,1.459,1.247,0.475,0.611,0.514,0.363
435,1.222,1.457,1.246,0.475,0.607,0.514,0.363
436,1.224,1.461,1.248,0.475,0.609,0.514,0.363
437,1.224,1.460,1.247,0.476,0.607,0.515,0.363
438,1.220,1.458,1.247,0.474,0.611,0.516,0.364
439,1.220,1.457,1.246,0.481,0.600,0.517,0.364
440,1.220,1.458,1.246,0.476,0.610,0.517,0.364
441,1.217,1.452,1.245,0.474,0.614,0.517,0.364
442,1.220,1.453,1.246,0.471,0.618,0.515,0.363
443,1.221,1.451,1.245,0.469,0.623,0.516,0.363
444,1.220,1.448,1.243,0.470,0.627,0.515,0.363
445,1.220,1.455,1.246,0.474,0.619,0.515,0.363
446,1.220,1.452,1.245,0.477,0.612,0.515,0.363
447,1.215,1.445,1.242,0.475,0.618,0.516,0.363
448,1.218,1.447,1.243,0.479,0.615,0.518,0.364
449,1.217,1.449,1.243,0.479,0.613,0.517,0.364
450,1.217,1.441,1.242,0.478,0.612,0.517,0.364
451,1.216,1.444,1.242,0.476,0.619,0.518,0.364
452,1.216,1.444,1.243,0.476,0.622,0.518,0.365
453,1.216,1.442,1.241,0.477,0.623,0.519,0.365
454,1.214,1.440,1.241,0.478,0.623,0.519,0.365
455,1.214,1.438,1.241,0.479,0.623,0.519,0.365
456,1.211,1.439,1.240,0.479,0.624,0.519,0.365
457,1.215,1.443,1.242,0.482,0.621,0.519,0.366
458,1.212,1.440,1.241,0.480,0.620,0.519,0.366
459,1.212,1.438,1.241,0.481,0.618,0.519,0.365
460,1.214,1.438,1.240,0.477,0.626,0.519,0.366
461,1.209,1.432,1.236,0.477,0.624,0.519,0.366
462,1.212,1.434,1.239,0.475,0.629,0.519,0.366
463,1.213,1.437,1.239,0.474,0.634,0.519,0.366
464,1.213,1.434,1.239,0.471,0.639,0.520,0.366
465,1.209,1.432,1.239,0.471,0.637,0.519,0.366
466,1.214,1.430,1.238,0.472,0.634,0.519,0.366
467,1.211,1.433,1.238,0.474,0.630,0.519,0.366
468,1.209,1.431,1.238,0.479,0.624,0.520,0.366
469,1.209,1.424,1.236,0.479,0.626,0.519,0.367
470,1.209,1.428,1.236,0.477,0.624,0.520,0.367
471,1.210,1.427,1.237,0.477,0.627,0.520,0.367
472,1.207,1.425,1.237,0.475,0.625,0.520,0.367
473,1.209,1.424,1.236,0.476,0.621,0.520,0.367
474,1.205,1.422,1.236,0.474,0.629,0.520,0.368
475,1.208,1.425,1.236,0.478,0.619,0.520,0.367
476,1.207,1.422,1.235,0.479,0.623,0.520,0.368
477,1.207,1.420,1.236,0.477,0.626,0.520,0.368
478,1.206,1.420,1.235,0.475,0.633,0.520,0.368
479,1.205,1.417,1.234,0.475,0.634,0.521,0.368
480,1.202,1.417,1.233,0.476,0.629,0.520,0.369
481,1.207,1.417,1.235,0.478,0.633,0.521,0.369
482,1.204,1.414,1.233,0.480,0.629,0.522,0.369
483,1.202,1.412,1.233,0.477,0.635,0.522,0.369
484,1.202,1.412,1.233,0.478,0.634,0.522,0.369
485,1.201,1.412,1.233,0.480,0.631,0.522,0.370
486,1.201,1.412,1.233,0.477,0.636,0.522,0.369
487,1.203,1.411,1.232,0.478,0.633,0.522,0.369
488,1.202,1.409,1.233,0.477,0.633,0.522,0.369
489,1.202,1.410,1.233,0.481,0.629,0.523,0.370
490,1.199,1.405,1.231,0.482,0.630,0.523,0.370
491,1.200,1.410,1.232,0.477,0.637,0.524,0.370
492,1.198,1.404,1.230,0.474,0.641,0.524,0.370
493,1.200,1.402,1.230,0.479,0.634,0.524,0.370
494,1.197,1.401,1.229,0.479,0.633,0.524,0.370
495,1.198,1.400,1.230,0.476,0.635,0.524,0.371
496,1.200,1.396,1.230,0.476,0.637,0.524,0.370
497,1.197,1.401,1.229,0.480,0.626,0.524,0.370
498,1.196,1.399,1.230,0.478,0.631,0.524,0.370
499,1.196,1.398,1.230,0.476,0.640,0.524,0.370
500,1.197,1.396,1.229,0.475,0.646,0.524,0.370
501,1.194,1.392,1.227,0.475,0.647,0.525,0.370
502,1.193,1.391,1.226,0.475,0.644,0.525,0.371
503,1.192,1.393,1.227,0.478,0.639,0.525,0.371
504,1.192,1.393,1.226,0.480,0.635,0.525,0.370
505,1.195,1.389,1.228,0.479,0.640,0.526,0.371
506,1.194,1.387,1.227,0.480,0.640,0.527,0.371
507,1.190,1.388,1.226,0.478,0.646,0.527,0.372
508,1.194,1.389,1.224,0.478,0.645,0.527,0.371
509,1.191,1.386,1.224,0.480,0.641,0.527,0.371
510,1.192,1.387,1.226,0.478,0.642,0.527,0.371
511,1.191,1.384,1.224,0.479,0.639,0.527,0.372
512,1.189,1.382,1.223,0.483,0.631,0.527,0.372
513,1.188,1.378,1.222,0.480,0.637,0.527,0.372
514,1.188,1.380,1.223,0.479,0.638,0.527,0.372
515,1.186,1.377,1.222,0.479,0.640,0.527,0.372
516,1.189,1.376,1.224,0.477,0.642,0.527,0.372
517,1.183,1.372,1.222,0.476,0.644,0.528,0.372
518,1.187,1.370,1.221,0.474,0.649,0.528,0.373
519,1.187,1.372,1.222,0.478,0.644,0.529,0.373
520,1.186,1.369,1.221,0.475,0.647,0.529,0.373
521,1.185,1.369,1.220,0.474,0.651,0.529,0.373
522,1.184,1.370,1.220,0.475,0.650,0.530,0.374
523,1.183,1.367,1.219,0.473,0.658,0.530,0.374
524,1.180,1.362,1.217,0.475,0.655,0.529,0.374
525,1.183,1.364,1.218,0.477,0.650,0.529,0.374
526,1.182,1.366,1.219,0.479,0.645,0.529,0.374
527,1.181,1.362,1.219,0.480,0.643,0.530,0.374
528,1.178,1.356,1.217,0.475,0.655,0.530,0.375
529,1.177,1.357,1.216,0.477,0.655,0.530,0.375
530,1.177,1.355,1.215,0.475,0.655,0.531,0.375
531,1.179,1.356,1.218,0.476,0.655,0.531,0.375
532,1.178,1.355,1.216,0.473,0.658,0.531,0.375
533,1.179,1.355,1.216,0.476,0.651,0.531,0.375
534,1.176,1.349,1.215,0.476,0.653,0.531,0.376
535,1.175,1.350,1.214,0.480,0.646,0.532,0.376
536,1.176,1.347,1.214,0.482,0.639,0.532,0.376
537,1.173,1.348,1.213,0.485,0.635,0.533,0.377
538,1.175,1.348,1.214,0.483,0.642,0.533,0.377
539,1.175,1.348,1.213,0.480,0.649,0.533,0.376
540,1.175,1.344,1.213,0.483,0.647,0.533,0.377
541,1.172,1.344,1.212,0.488,0.639,0.533,0.376
542,1.170,1.338,1.211,0.484,0.642,0.533,0.376
543,1.169,1.338,1.211,0.482,0.645,0.532,0.376
544,1.170,1.339,1.211,0.485,0.645,0.533,0.376
545,1.170,1.336,1.210,0.482,0.651,0.533,0.377
546,1.171,1.333,1.211,0.482,0.652,0.533,0.377
547,1.169,1.328,1.208,0.483,0.650,0.533,0.377
548,1.167,1.329,1.208,0.485,0.646,0.533,0.377
549,1.166,1.327,1.208,0.485,0.651,0.534,0.377
550,1.166,1.324,1.207,0.484,0.653,0.534,0.377
551,1.165,1.327,1.208,0.488,0.648,0.534,0.377
552,1.164,1.325,1.207,0.486,0.650,0.534,0.377
553,1.165,1.321,1.207,0.484,0.652,0.533,0.377
554,1.163,1.322,1.206,0.487,0.644,0.532,0.376
555,1.165,1.318,1.207,0.486,0.642,0.533,0.377
556,1.162,1.314,1.204,0.484,0.645,0.533,0.377
557,1.159,1.313,1.203,0.484,0.649,0.533,0.377
558,1.161,1.312,1.204,0.484,0.646,0.533,0.378
559,1.159,1.310,1.204,0.485,0.641,0.534,0.379
560,1.158,1.309,1.203,0.485,0.643,0.534,0.379
561,1.160,1.309,1.203,0.482,0.650,0.535,0.379
562,1.156,1.303,1.201,0.483,0.650,0.535,0.379
563,1.156,1.302,1.201,0.483,0.652,0.535,0.379
564,1.156,1.301,1.201,0.487,0.644,0.536,0.380
565,1.155,1.300,1.200,0.486,0.651,0.536,0.379
566,1.155,1.298,1.200,0.485,0.653,0.536,0.379
567,1.152,1.296,1.199,0.485,0.651,0.536,0.379
568,1.153,1.293,1.199,0.481,0.656,0.536,0.379
569,1.153,1.292,1.198,0.479,0.659,0.536,0.379
570,1.149,1.287,1.197,0.480,0.657,0.536,0.379
571,1.150,1.284,1.197,0.482,0.651,0.536,0.379
572,1.148,1.283,1.196,0.484,0.649,0.536,0.379
573,1.145,1.281,1.194,0.488,0.642,0.536,0.379
574,1.146,1.279,1.195,0.488,0.643,0.536,0.379
575,1.145,1.274,1.193,0.489,0.639,0.536,0.380
576,1.143,1.272,1.193,0.490,0.641,0.536,0.380
577,1.142,1.271,1.192,0.489,0.641,0.537,0.381
578,1.141,1.270,1.191,0.490,0.639,0.537,0.381
579,1.141,1.268,1.192,0.487,0.646,0.538,0.381
580,1.141,1.265,1.189,0.486,0.646,0.537,0.381
581,1.141,1.263,1.191,0.484,0.651,0.537,0.381
582,1.138,1.263,1.190,0.486,0.649,0.538,0.381
583,1.136,1.258,1.188,0.484,0.657,0.538,0.381
584,1.134,1.255,1.188,0.490,0.646,0.538,0.381
585,1.133,1.248,1.186,0.486,0.652,0.538,0.381
586,1.132,1.246,1.186,0.491,0.646,0.538,0.381
587,1.131,1.248,1.186,0.491,0.645,0.538,0.382
588,1.130,1.242,1.185,0.487,0.651,0.539,0.382
589,1.131,1.239,1.184,0.488,0.650,0.539,0.382
590,1.128,1.239,1.183,0.488,0.654,0.540,0.382
591,1.127,1.167,1.173,0.494,0.643,0.540,0.383
592,1.124,1.158,1.170,0.492,0.650,0.540,0.383
593,1.116,1.143,1.165,0.492,0.649,0.540,0.383
594,1.114,1.136,1.163,0.493,0.652,0.541,0.383
595,1.110,1.129,1.160,0.496,0.641,0.542,0.384
596,1.109,1.123,1.160,0.496,0.640,0.542,0.384
597,1.104,1.114,1.156,0.496,0.641,0.542,0.384
598,1.100,1.108,1.155,0.497,0.640,0.542,0.384
599,1.096,1.103,1.154,0.498,0.637,0.542,0.384
600,1.094,1.095,1.151,0.498,0.640,0.543,0.384
